{
  "eval_loss": 0.5643038749694824,
  "eval__": {
    "precision": 0.17647058823529413,
    "recall": 0.13,
    "f1": 0.14971209213051823,
    "number": 300
  },
  "eval_overall_precision": 0.17647058823529413,
  "eval_overall_recall": 0.13,
  "eval_overall_f1": 0.14971209213051823,
  "eval_overall_accuracy": 0.7568349951752975,
  "eval_runtime": 0.2725,
  "eval_samples_per_second": 366.997,
  "eval_steps_per_second": 47.71,
  "epoch": 0.05
}
